,Cluster,avg_co2,total_population,housing_units,num_households,unemployment,socioeconomic,household_comp,minority_status,housing_type,overall_svi,xco2_std,co2_6yr_pct_change
0,Cluster 0,-0.026583464663195357,-0.8879661736371721,-0.919172159269606,-1.0042951717188973,-0.18784354009110382,0.9788217822480528,0.660491580236958,0.6157123144020197,0.5451610353228455,0.9691365678475313,-0.07176170099064803,-0.058495050496792614
1,Cluster 1,-1.0552359340288462,-0.36224941930636123,-0.2888695900586546,-0.30106255657444125,-0.2994205533878882,-0.5996187186583322,-0.39768032157293964,-0.49286852485277605,-0.5849782107897491,-0.7221655118313347,-0.03150506396352062,-1.0011503182151604
2,Cluster 2,0.09828713881859404,1.1716585819189875,1.2297788387833057,1.3403318557969774,0.10732996695693445,-0.8673017315583222,-0.6220167296546979,-0.3340204343050312,-0.4689560229463439,-0.813640323588964,0.12109791026692714,0.07959828561660219
3,Cluster 3,-0.6868694883131491,0.823114670621491,0.5041332574391092,0.5224456492904229,1.6011241397222022,0.9387626670645236,0.48958826450504334,0.8519010735409392,0.7044575351955157,1.0031127090969756,-0.3923578571699421,-0.6802299072960741
4,Cluster 4,0.7543856676082833,0.29147799748526215,0.39174434893456833,0.36780001930172623,-0.02701190318445658,0.46193289049679914,0.4940205427695926,0.11209969130851669,0.6238539973575405,0.6171746633527367,-0.013039139142511516,0.7200511958131304
5,Cluster 5,0.6600096186717824,-0.5685025316740425,-0.5180743882993357,-0.5030689277029392,-0.7116143225006267,-0.8202333895092718,-0.5919941113355529,-0.611723032119654,-0.7009320628535033,-0.9304246484667157,0.2811968331132544,0.6872262649708162
